Date,Title
2025-05-15,video is the age of american exceptionalism nearing an end
2025-05-20,australia s soft landing spurs debate over policy in next crisis
2025-05-20,bank indonesia poised to resume rate cuts as growth falters
2025-05-20,eu likely to propose quota to ban russia gas imports by end 2027
2025-05-20,japan s april export growth slows as trump ramps up tariffs
2025-05-20,japan s farm minister eto resigns following comments on rice
2025-05-20,kraft heinz mulls deals after berkshire hathaway exits board
2025-05-20,malaysia ex pm najib played role in 2002 submarine bribes french prosecutors
2025-05-20,new fortress energy disqualified from puerto rico power auction
2025-05-20,reeves to meet bessent as questions linger over uk us deal
2025-05-20,south africa budget gets third reboot with credibility on line
2025-05-20,stock market today dow s p live updates
2025-05-20,traders brace for 10 year yield at 5 as selloff sours risk mood
2025-05-20,trump won t participate in g 20 in south africa rubio says
2025-05-20,us set to hit deposit insurance fund target ratio by end of 2025
2025-05-20,us sets the stage for duties on battery materials from china
2025-05-21,buyers strike in japanese bonds sends warning note to boj on tapering
2025-05-21,10 best affordable sushi restaurants in new york city 2025
2025-05-21,amazon ceo says customer demand prices steady despite tariffs
2025-05-21,argentina s economy grew less than expected in march
2025-05-21,baidu reports surprise revenue jump during china s ai battle
2025-05-21,bank of spain chief economist gavilan will step down in june
2025-05-21,bessent kato did not discuss fx levels at g 7 meeting us says
2025-05-21,bofa tells clients to bet against mexico peso as recession looms
2025-05-21,boj hearings underscore divergent opinions on bond tapering pace
2025-05-21,brazil s invepar said to hire adviser for debt restructuring
2025-05-21,carney says canada us are in high level talks on golden dome defense system
2025-05-21,china threatens enforcers of us s huawei curbs with legal action
2025-05-21,china us trade soars as exporters race to hit trade truce window
2025-05-21,chinese authorities question metals bosses in smuggling probe
2025-05-21,chinese firms go on fundraising spree amid rush of easy money
2025-05-21,citi sees gulf economies remaining resilient despite oil s drop
2025-05-21,denmark s 4 billion wind sweetener shows industry s new reality
2025-05-21,dollar extends slide with g 7 meeting budget deficit in focus
2025-05-21,dollar store billionaire poised to emerge from malaysia ipo
2025-05-21,ecb s escriva says unexpectedly strong euro weighs on inflation
2025-05-21,ecb s guindos sees inflation target hit sooner rather than later
2025-05-21,ecb warns of ripple effects from investors questioning us assets
2025-05-21,ecb will soon reach terminal rate if baseline holds kazaks says
2025-05-21,eric trump attends groundbreaking event for 1 5b vietnam resort
2025-05-21,estee lauder l oreal suffer as china s duty free spending falls
2025-05-21,eu prepares trade proposal for us to steer momentum into talks
2025-05-21,eu unveils plan to reinvigorate world s second biggest market
2025-05-21,fed s daly hammack stress wait and see policy approach
2025-05-21,france eyes progress with us at g 7 even without a communique
2025-05-21,g 7 countries discussing de minimis tariffs on chinese goods
2025-05-21,giant us companies are rushing to europe to borrow money
2025-05-21,half of turkish firms in red as central bank holds line on rates
2025-05-21,hedge fund edl s 31 gain belies painful short bets on us stocks
2025-05-21,highlights of south african finance minister s reworked budget
2025-05-21,historic fall in uk migration can t come fast enough for starmer
2025-05-21,hong kong dollar falls toward weak end of band on carry allure
2025-05-21,hong kong ramps up tax checks on private equity venture funds
2025-05-21,iceland cuts rate and signals more moves hinge on inflation
2025-05-21,india market buzz fundraising resumes amid tariff uncertainty
2025-05-21,india s short term bonds rally on hopes of record rbi dividend
2025-05-21,india s wheat output seen hitting record allaying import fears
2025-05-21,india set for record russia fuel flows on gush of dirty products
2025-05-21,indonesia resumes rate cuts as growth outlook dims rupiah gains
2025-05-21,johnson says agreement reached on 40 000 salt cap increase
2025-05-21,korean won jumps on report fx direction was discussed with us
2025-05-21,lagos startups lure 42 more funding defying slowdown in africa
2025-05-21,latest oil market news and analysis for may 22
2025-05-21,london rents show sign of flatlining after years of rapid growth
2025-05-21,malaysia s anwar says us trade talks unaffected by china ties
2025-05-21,meloni looks to moody s to finally end italy s near junk status
2025-05-21,merz advisers see germany in stagnation but recovery in sight
2025-05-21,milei s cuts have argentines driving cars with paper license plates
2025-05-21,milei stumbles in bid to unchain farmers as soy tax break ends
2025-05-21,mnuchin flags us budget deficit as bigger worry than trade gap
2025-05-21,nigerian opposition leaders agree to unite before 2027 election
2025-05-21,nordea questions norway s data on faltering home construction
2025-05-21,nvidia ceo urges us to lower barriers to 50 billion china arena
2025-05-21,portugal opposes further increase in spanish banks presence
2025-05-21,republican hardliners threaten to block deal on trump tax bill
2025-05-21,rice costs imperil ishiba after bragging minister quits in japan
2025-05-21,rich argentines face higher energy bills after milei subsidy cut
2025-05-21,romanian leader says minority coalition may need to push reforms
2025-05-21,russian advance in ukraine is slowing despite putin s confidence
2025-05-21,south africa arbiter proposes more pay to avoid logistics strike
2025-05-21,south africa central bank deputy governor says cpi goal too wide
2025-05-21,south africa cuts growth outlook planned spending in budget 3 0
2025-05-21,south korean early may exports fall as shipments to us slump
2025-05-21,spain portugal urge eu effort on power link after blackout
2025-05-21,sputtering iran us talks revive specter of israeli solo strike
2025-05-21,starmer signals reversal on divisive cut to winter fuel payments
2025-05-21,stock market today dow s p live updates
2025-05-21,swedish ministers face pressure over undeclared shareholdings
2025-05-21,taiwan s central bank says it let currency soar to reset market
2025-05-21,tax bill poised to call for medicaid work requirements in 2026
2025-05-21,tj maxx operator says it has flexibility to offset tariffs
2025-05-21,toyota takes all hybrid plunge with its best selling us vehicle
2025-05-21,traders pare bets on boe cuts pound climbs after uk inflation
2025-05-21,treasury yields climb auguring 5 rate for 20 year bond auction
2025-05-21,trump import tax hike counters income tax relief economists say
2025-05-21,uae ipo dubai ruler s firm gets 15 billion in orders for reit listing
2025-05-21,uk inflation rate surges to 15 month high amid april price shock
2025-05-21,uk s luxury superyacht sales remain strong as smaller boats struggle to sell
2025-05-21,us accepts qatar luxury jet to serve as trump s air force one
2025-05-21,us china tensions over chips risk hurting trade truce dialogue
2025-05-21,us fashion recycling startup to build 500 million plant in france
2025-05-21,us mortgage rates rise to three month high slowing home demand
2025-05-21,us treasuries vie for demand with japanese bonds deutsche says
2025-05-21,why newark airport is a top concern for the summer travel season
2025-05-21,winners and losers in south africa s third budget attempt
2025-05-21,zimbabwe lithium exporters seek tax delay until refineries start
2025-05-22,argentina signals to investors imf cash to come despite reserves
2025-05-22,bessent wins g 7 partner plaudits in first conference abroad
2025-05-22,boe proposes higher charges for weak foreign debt held by banks
2025-05-22,boe s dhingra says uk services industry was hit hard by brexit
2025-05-22,boe s pill questions prominence of forecasts in era of shocks
2025-05-22,boj dove noguchi sees no need to change jgb tapering plan
2025-05-22,bond vigilantes threaten popular hedge fund bet on swap spreads
2025-05-22,brazil eases environmental rules ahead of key un climate summit
2025-05-22,bundesbank backs delay to trading rules for european lenders
2025-05-22,byd beats tesla in europe for first time with 169 sales surge
2025-05-22,california politicians push 13 bill package to rescue downtowns
2025-05-22,carney looks to ai for savings as canada s budget pressures mount
2025-05-22,china asks dutch to ease chips export controls minister says
2025-05-22,coach bag outlets star on tiktok as tabby brooklyn sales soar
2025-05-22,computex 2025 five takeaways from asia s biggest ai tech event
2025-05-22,dollar store to boost malaysian ipos with year s biggest listing
2025-05-22,ecb must stay cautious despite inflation nearing 2 nagel says
2025-05-22,ecb s vujcic says inflation is slowly converging to 2 target
2025-05-22,ecb says water is top nature related risk to european economy
2025-05-22,ecb to reach 2 inflation relatively quickly guindos says
2025-05-22,egypt makes second rate cut in a row before summer of reforms
2025-05-22,egypt poised for another rate cut before possible summer break
2025-05-22,euro zone private sector unexpectedly shrinks on services slump
2025-05-22,fed s waller offers route to rate cuts in second half of year
2025-05-22,france urged to ramp up debt cutting push in imf budget warning
2025-05-22,g 7 draft text warns of excessive imbalances in global economy
2025-05-22,german business expectations improve as trade fears ease
2025-05-22,german private sector unexpectedly sinks on services downturn
2025-05-22,german wage growth slows sharply as economy struggles to grow
2025-05-22,germany says g 7 finance chiefs agree continued ukraine support
2025-05-22,germany scales up battle tank brigade in baltics to deter russia
2025-05-22,gop tax bill revisions end clean energy credits years earlier
2025-05-22,hike or cut household goods makers hands tied amid tariff slump
2025-05-22,hochul digs in on toll risking federal funds for nyc projects
2025-05-22,house republicans release trump tax bill with larger salt cap
2025-05-22,how private equity s use of debt and leverage is being transformed
2025-05-22,how trump tariffs could affect rba interest rate cuts australia podcast
2025-05-22,india economic activity retains momentum in may flash pmis show
2025-05-22,india market buzz midcaps back in spotlight as earnings deliver
2025-05-22,india s bajaj auto to take control of ktm with 800 million loan
2025-05-22,india says top maoist rebel killed in major breakthrough
2025-05-22,indian banks said to ask rbi to lower daily cash reserve rule
2025-05-22,indian economy well positioned to navigate headwinds rbi says
2025-05-22,indonesia set for more rate cuts on growth view analysts say
2025-05-22,ing is said to target us banking charter in fed liquidity push
2025-05-22,jamie dimon says jpmorgan was right to do catl deal despite opposition
2025-05-22,japan could ask state owned firms to buy bonds barclays says
2025-05-22,japan s akazawa to visit us for third round of us trade talks
2025-05-22,japan s ishiba calls for closer weapons development with allies
2025-05-22,japan s largest business lobby reports pay hikes exceeding 5
2025-05-22,japan s prices rise fastest in two years pressuring boj ishiba
2025-05-22,jpmorgan s dimon sees risk of stagflation for us economy
2025-05-22,lagarde says international trade will never be the same again
2025-05-22,long term bond yields soar globally on fiscal policy fears
2025-05-22,macron talks up china ties and touts progress on cognac probe
2025-05-22,merz says germany will defend against any threat in baltics
2025-05-22,mexico inflation accelerates more than expected as banxico eases
2025-05-22,milei slashes argentine tax regulations to encourage dollar use
2025-05-22,mortgage rates in us rise for second week climbing to 6 86
2025-05-22,net migration to uk nearly halves as record drop boosts starmer
2025-05-22,new zealand budget 2025 winners and losers
2025-05-22,new zealand targets investment with budget tax incentive
2025-05-22,ny fed s perli sees early signs of pressure in money markets
2025-05-22,petronas to work with petros for future projects sarawak says
2025-05-22,poland says key infrastructure at risk after baltic sea incident
2025-05-22,polish presidential hopeful says opposes ukraine joining nato
2025-05-22,rayner warns uk s target of 1 5 million new homes is a stretch
2025-05-22,rba s hauser sees us china trade dispute aiding australian firms
2025-05-22,real sells off as brazil taxes remittances to shore up budget
2025-05-22,ringgit may gain most in southeast asia on exporter conversion
2025-05-22,romania s new leader sees weeks of talks to agree on budget fix
2025-05-22,sanchez pushes ahead with plan to tax non eu home buyers 100
2025-05-22,saudi arabia s neom hydrogen project faces uncertainty over demand
2025-05-22,sheinbaum says she talked steel tariffs in latest trump call
2025-05-22,singapore dpm says holding geopolitical neutrality not possible
2025-05-22,singapore kicks off 2025 on strong note flags downside risks
2025-05-22,some ecb officials saw april rate cut as frontloading june move
2025-05-22,sony life mulls selling japan bonds to avoid writing down losses
2025-05-22,south africa expects us reset despite white house confrontation
2025-05-22,south africa to provide 2 8 billion guarantee to transnet
2025-05-22,sri lanka unexpectedly cuts key rate to bolster recovery
2025-05-22,starmer and top aide clash over 2 5 billion child benefit cap
2025-05-22,startup builder ai overestimated sales by 300 to key creditors
2025-05-22,steven englander on why interest rates are shooting up all around the world
2025-05-22,stock market today dow s p live updates
2025-05-22,strong earthquake strikes north of crete no major damage
2025-05-22,supreme court backs trump s ouster of agency leaders for now
2025-05-22,telecom argentina sells debt amid telefonica takeover scrutiny
2025-05-22,thai court orders ex premier yingluck to pay 306 million fine reports
2025-05-22,top indian oil producer s quarterly earnings miss estimates
2025-05-22,trump s ambush of ramaphosa leaves south africa reeling
2025-05-22,trump s next hurdle the bond market hates his beautiful bill
2025-05-22,trump s research funding cuts create job drought for scientists
2025-05-22,trump s south africa white genocide land grab claims what to know
2025-05-22,trump s tax cuts what s in his big beautiful bill
2025-05-22,trump tax bill narrowly passes house overcoming gop infighting
2025-05-22,trump to attend g 7 leaders summit in canada in june
2025-05-22,turkish central bank keeps year end inflation forecast unchanged
2025-05-22,tycoon birla s firm gets cheapest rupee bond deal in five years
2025-05-22,ueda refrains from hinting at any action over bond yield surge
2025-05-22,uk april budget deficit disappoints despite employer tax hike
2025-05-22,uk consumer confidence gains on interest rate cut us trade deal
2025-05-22,uk private sector shrinks again as us tariffs hit pmi shows
2025-05-22,uk to weigh cpi data overhaul to better gauge inflation s path
2025-05-22,uk urges cut to russian oil price cap at g7 to pressure putin
2025-05-22,us business activity sentiment improve as tariff anxiety eases
2025-05-22,us considering pulling some troops from south korea report
2025-05-22,us existing home sales decline marking worst april since 2009
2025-05-22,us importers race to beat trump tariffs facing complex customs forms
2025-05-22,us initial jobless claims decline to lowest level in four weeks
2025-05-22,video how middle east oil giants are building soft power
2025-05-22,vietnam secures us trade talks progress hopes to get deal soon
2025-05-22,white house s miran says no secret currency pact in trade talks
2025-05-22,xiaomi billionaire touts new chinese chip in tech showcase
2025-05-22,zambia s record corn crop signals inflation is set to cool
2025-05-23,barclays advises switch to nigeria shorter dated dollar bonds
2025-05-23,bessent says trump paused sovereign wealth fund to focus on debt
2025-05-23,bessent sees easing capital rule on us treasuries this summer
2025-05-23,bessent sees trade deals announced ahead of 90 day tariff pause
2025-05-23,borrowers rush to sell yen bonds as rising yields lure investors
2025-05-23,brazil politics haddad reverses course on offshore funds tax
2025-05-23,brazil s rio alto said to work with debt restructuring advisers
2025-05-23,brl usd backlash leads to brazil reversal of iof offshore transfer tax
2025-05-23,bulgaria on track to win eu approval to join the euro next year
2025-05-23,bulgaria s euro adoption how eu approval is finally close
2025-05-23,canada retail sales continue rise in april despite tariff war
2025-05-23,carney s energy chief pushes oil sands to build carbon capture
2025-05-23,chile finance chief wants to unlock billions in new investments
2025-05-23,china 50 year bond yields rise in auction first time since 2022
2025-05-23,diy haircuts the lipstick effect beauty trends as recession indicators
2025-05-23,ecb s kazimir to receive verdict in bribery case next week
2025-05-23,ecb s lane says us price jump wouldn t necessarily reach europe
2025-05-23,ecb s stournaras sees june rate cut and then pause kathimerini
2025-05-23,economists say canada recession has already begun as trade war rages on
2025-05-23,engineai targets 1 billion valuation as chinese robots heat up
2025-05-23,eu agrees to reinstate trade quotas on ukraine as war drags on
2025-05-23,eu and us to hold trade call friday amid differences on tariffs
2025-05-23,euro zone s top economies may now have inflation at or under 2
2025-05-23,euro zone wage growth sinks supporting further ecb easing
2025-05-23,european officials urge calm facing trump 50 tariff threat
2025-05-23,europeans plan fewer summer trips to us in latest trump backlash
2025-05-23,fed s goolsbee says bar a little higher for near term cuts
2025-05-23,german economy grew more than initially thought at start of year
2025-05-23,ghana keeps rates steady with cedi rally set to tame inflation
2025-05-23,ghana s central bank likely to hold interest rate to hasten disinflation
2025-05-23,ghana s debt burden falls to imf threshold ahead of 2028 target
2025-05-23,harvard s foreign students are stunned and devastated by trump s ban
2025-05-23,hensoldt is said to explore sale of south african optronics unit
2025-05-23,here s what s in the eu trade proposal that trump just rejected
2025-05-23,hungary s orban signals economy headwinds may persist into 2026
2025-05-23,india us hold constructive trade talks says piyush goyal
2025-05-23,iran says time to decide ahead of new nuclear talks with us
2025-05-23,jane street earns 2 3 billion riding india options trading wave
2025-05-23,japan s top life insurer says unrealized bond losses tripled
2025-05-23,japanese bond yields trim recent gains with late drop on friday
2025-05-23,japanese stocks rebound boosted by weaker yen oil stocks down
2025-05-23,jbs says us listing plan approved by minority shareholders
2025-05-23,lower uk energy bills offer some relief to strained households
2025-05-23,meloni wins hope of moody s upgrade to italy from brink of junk
2025-05-23,merz calls on xi to support ukraine peace effort in first call
2025-05-23,mozambique s chaves to oversee sovereign wealth fund aim says
2025-05-23,musalem says fed must contain long term inflation expectations
2025-05-23,nigerian manufacturers harassed over fx contracts lobby says
2025-05-23,paraguay holds key rate at 6 amid steady inflation expectations
2025-05-23,philippines bsp may cut us treasury holdings after moody s move
2025-05-23,philippines marcos keeps economic team amid cabinet shakeup
2025-05-23,podcast ed yardeni says it s not as bad as you think
2025-05-23,podcast is a pro wrestling mentality steering the us economy
2025-05-23,polish ruling party candidate fights back in presidential debate
2025-05-23,rand shrugs off trump and budget to end week on a positive note
2025-05-23,rbi governor sees india s growth moderately hit on tariff woes
2025-05-23,rbi s record 31 6 billion payout to bolster government finances
2025-05-23,senior us china officials vow to keep communication lines open
2025-05-23,singapore core inflation quickens for first time since september
2025-05-23,singapore s mas says chief didn t say us dollar assets are irreplaceable
2025-05-23,south african police minister debunks trump s genocide claim
2025-05-23,summers slams trump for vicious ban on foreign students from harvard
2025-05-23,surge in cannabis smuggling prompts thailand to tighten rules
2025-05-23,suriname election new president to navigate impending oil boom
2025-05-23,sweden s central bank seen cutting rate next month in survey
2025-05-23,taiwan life head loses sleep on fx plans on new reserves rule
2025-05-23,traders favor three more ecb cuts in 2025 on trump tariff threat
2025-05-23,trump administration s rejection of soft power risks africa minerals deal
2025-05-23,trump backs us steel nippon partnership following cfius review
2025-05-23,trump initiated call with japan s ishiba discussed tariffs
2025-05-23,trump threatens a 50 tariff on eu goods starting in june
2025-05-23,turkey bans images of istanbul mayor ekrem imamoglu
2025-05-23,uae s ai university aims to become stanford of the gulf
2025-05-23,uk retail sales soar again as brits bask in sunshine ons says
2025-05-23,ukraine says drones struck russian battery plant for missiles
2025-05-23,us aid retreat opens door for bigger islamic development bank role in africa
2025-05-23,us beef supplies are shrinking as grilling season begins
2025-05-23,us bond investors ask for most in a decade to buy long debt
2025-05-23,us debt limit nail biter looms as senate ponders trump tax bill
2025-05-23,us firms face biggest hit from trump tariffs hsbc survey shows
2025-05-23,us importers pay record 16 5 billion as april tariff bill lands
2025-05-23,us inflation recession forecasts ease on trade truce with china
2025-05-23,us new home sales top forecasts on surge in south and midwest
2025-05-23,us tariff countdown has nations racing to turn talks into deals
2025-05-23,us yields slide as trump tariff threat reignites growth concerns
2025-05-23,vietnam takes steps to block telegram app over illegal content
2025-05-23,visa mastercard fees hit by new round of eu antitrust scrutiny
2025-05-23,volvo cars ceo rebuffs reports claiming ex60 delayed
2025-05-23,zambia halts rate hikes as corn boom seen cooling inflation
2025-05-24,alibaba chair says asian firms can look for growth outside of us
2025-05-24,bangladesh s interim government says it will stay the course
2025-05-24,canada s macklem says us tariffs biggest headwind nyt reports
2025-05-24,chevron cvx venezuela seen getting us license for minimum maintenance
2025-05-24,eu weighs cutting 20 banks from swift in new russia sanctions
2025-05-24,fed to take in stride another month of tame inflation
2025-05-24,hong kong restaurant review servo is a stunning budget cafe by arcane team
2025-05-24,how britain s stats geeks lost track of the economy
2025-05-24,india s ntpc reports profit growth on boost in power generation
2025-05-24,indonesia to cut transport and power prices to spur consumption
2025-05-24,japan signals intent to reach us tariff deal by g 7 in june
2025-05-24,junkiest junk is offering a warning sign for debt credit weekly
2025-05-24,malaysia s anwar defends lengthening tenure of anti graft chief
2025-05-24,monsoon arrives early in india bolstering outlook for key crops
2025-05-24,pakistan s next funding review in second half of 2025 imf says
2025-05-24,polish ruling party candidate pushes back against far right
2025-05-24,power cut hits french riviera in final day of cannes festival
2025-05-24,trump forces switzerland to question its love for farmers
2025-05-24,trump risks us consumer discontent with his tariffs poll shows
2025-05-24,trump s new tariff threats show trade uncertainty here to stay
2025-05-24,turkish central bank tightens screws on cheap lira window abroad
2025-05-24,world economy latest long term bond yields soar globally
2025-05-25,asean must keep joining global supply chains thai minister says
2025-05-25,australia s east coast begins flood cleanup as waters recede
2025-05-25,australia s opposition parties on track to return to coalition
2025-05-25,china indonesia sovereign wealth funds boost investment ties
2025-05-25,china publishes draft guidance for online platform merchant fees
2025-05-25,europe s shipping bottlenecks expected to persist into july
2025-05-25,german finance minister urges calm in us tariff fight bild says
2025-05-25,japan stocks to fluctuate as yen drops on new eu tariff deadline
2025-05-25,long bond revolt pressures 60 40 comeback in chaotic 2025 market
2025-05-25,macron kicks off asia tour in vietnam with focus on energy
2025-05-25,polish election contenders rally supporters a week before runoff
2025-05-25,portugal continues easing limits on power imports from spain
2025-05-25,record india private credit deal hinges on tricky collateral
2025-05-25,treasury traders enter abridged week with inflation top of mind
2025-05-25,trump backing for nippon steel deal comes with big questions
2025-05-25,trump extends deadline for 50 tariffs on eu to july 9
2025-05-25,us equity futures gain as europe deadline extended markets wrap
2025-05-25,us tariffs loom over asia summit as ties with china strengthen
2025-05-26,afdb presidential hopeful eyes 4 5 trillion in private capital
2025-05-26,argentina claims return to global markets with peso bond sale
2025-05-26,big beautiful bill trump hits allies with unfair tax regimes
2025-05-26,brazil keeps bungling its budget and worrying investors
2025-05-26,caixabank unit ceo defends role of foreign lenders in portugal
2025-05-26,charles rangel a voice for the poor in tax debates dies at 94
2025-05-26,chile s leftist presidential hopefuls spar over sqm codelco deal
2025-05-26,china raises cross border yuan use requirement for major banks
2025-05-26,china s ambassador warns australia over port of darwin lease
2025-05-26,chinese eu trade heads to meet as trump tariff tensions rise
2025-05-26,chinese steel exports to drop as barriers mount says goldman
2025-05-26,dai ichi life sees jgb market volatility declining by year end
2025-05-26,ecb faces greater risk inflation will undershoot 2 simkus says
2025-05-26,emerging currencies advance as trump extends eu tariff deadline
2025-05-26,eu plans to fast track trade talks with us amid tariff fight
2025-05-26,european gas rises amid supply cuts at norway s troll field
2025-05-26,germany s merz floats cutting off eu funds to fico s slovakia
2025-05-26,germany s merz says us tech perks could be target in trade war
2025-05-26,goldman sachs expects stronger yuan to boost chinese stocks
2025-05-26,hungary warns wage hike plan at risk from weak economy
2025-05-26,india debuts new weather model to help farming flood planning
2025-05-26,israel holds rates as inflation spikes gaza war escalates
2025-05-26,israel set to hold rates as inflation spikes gaza war escalates
2025-05-26,japan sovereign bonds trim recent losses that rattled investors
2025-05-26,japan to sell rice stockpiles with aim to halve soaring prices
2025-05-26,japan touts ships expertise lng investment as tariff talks key
2025-05-26,japanese bonds face renewed test with 40 year sale after selloff
2025-05-26,kashkari says not sure on interest rate moves by september
2025-05-26,king charles visits canada as country rattled by trump taunts
2025-05-26,lagarde doubles down on push to raise the euro s global profile
2025-05-26,maduro sweeps venezuelan regional vote marked by low turnout
2025-05-26,malaysia singapore explore importing wind energy from vietnam
2025-05-26,milei netflix star ricardo darin spar over empanada prices in argentina
2025-05-26,nato chief rutte says members moving toward 5 spending target
2025-05-26,oil spill spotted after a ship sinks off india s southern coast
2025-05-26,philippine peso gains to strongest since 2023 on dollar oil
2025-05-26,rbnz set to make sixth rate cut and signal bias to more easing
2025-05-26,romania s fiscal woes test new math prodigy president
2025-05-26,romania seeks to ease market stress with liquidity injection
2025-05-26,shorter indian bonds set to extend gains on rbi s record payout
2025-05-26,south africa can entice investors with new budget minister says
2025-05-26,south africa has too many retail stores pick n pay ceo says
2025-05-26,south africa invites trump to explore business opportunities
2025-05-26,south korea presidential election what to know who are the main candidates
2025-05-26,tusk plan to change poland turns on knife edge presidential vote
2025-05-26,uk food inflation highest in a year as grocers face more costs
2025-05-26,us equity futures gain as eu trade hopes advance markets wrap
2025-05-26,won may extend rally on easing political risks trade deal bets
2025-05-26,xi plans new made in china effort even as trump aims to boost us manufacturing
2025-05-26,zimbabwe sees 2 6 billion bridge finance in place by early 2026
2025-05-27,bok poised to cut rate ahead of election as risks deepen guide
2025-05-27,brazil s inflation slows as policymakers say high rates to stay
2025-05-27,canada s bdc issues buy canadian plea to venture capital investors
2025-05-27,carney pledges economic transformation in speech read by king
2025-05-27,china 3 7 billion pension fund seek to build key kenyan road
2025-05-27,china offers to fund colombia projects if the us blocks loans
2025-05-27,china s industrial profit growth picks up in sign of resilience
2025-05-27,china s premier courts asean gulf states as trump tariffs bite
2025-05-27,chinese plastics buyers are resisting switch back to us propane
2025-05-27,crypto exchange blockchain com seeks to expand in nigeria ghana
2025-05-27,ecb is close to reaching its inflation target nagel says
2025-05-27,ecb s patsalides sees bigger cut unwarranted now econostream
2025-05-27,emerging market etfs end winning streak fall 22 5 mln
2025-05-27,eu to focus on critical sectors in bid to avoid trump s tariffs
2025-05-27,europe car sales slip as economic woes hold back consumers
2025-05-27,farmer defaults force reckoning at brazil behemoth state bank
2025-05-27,fed s barkin says businesses on hold amid elevated uncertainty
2025-05-27,french inflation eases to lowest rate since 2020 on energy
2025-05-27,germany weighs curbs on israel weapons exports on gaza concerns
2025-05-27,hedge funds bet on korean won to mirror taiwan dollar s surge
2025-05-27,hungary holds key rate steady with focus on anchoring inflation
2025-05-27,hungary to hold rates with price risks in focus decision guide
2025-05-27,imf warns uk to keep budget in check or risk market revolt
2025-05-27,india reiterates ample monsoon rain forecast after early onset
2025-05-27,india sees us trade deal as key to lowering external risks
2025-05-27,japan allots 388 billion from reserves to ease us tariff hit
2025-05-27,japan finance ministry is said to sound out market on bond sales
2025-05-27,japan government panel warns on rising yields hit on finances
2025-05-27,japan loses top creditor status for first time in 34 years
2025-05-27,kashkari favors maintaining fed rates until more tariff clarity
2025-05-27,kenyan growth to slow on debt fiscal pressures world bank says
2025-05-27,macron courts southeast asia nations trapped by us china dispute
2025-05-27,malaysia sees reducing the us s proposed tariff to 10 as a good outcome
2025-05-27,malaysia stirs hotpot diplomacy with palm based fat for china
2025-05-27,malaysian assets to gain as funds slash us exposure cimb says
2025-05-27,milei burnishes his trump ties by hosting health chief rfk jr
2025-05-27,nagel says frontloading helped boost germany at start of year
2025-05-27,neinor is said to show interest in rival spanish developer aedas
2025-05-27,nigeria s tinubu seeks nod for 24 billion external loan plan
2025-05-27,novo s sales woes herald danish export slowdown watchdog says
2025-05-27,ny wins bid to stop us from withholding funds over congestion
2025-05-27,peter thiel fund puts 49 million in bulgarian satellite startup endurosat
2025-05-27,podcast should commodities still have a place in your portfolio
2025-05-27,polish presidential contender brushes off reports about checkered past
2025-05-27,portugal says carrier tap is strategic as it plans privatization
2025-05-27,ramaphosa dismisses criticism of south africa s empowerment laws
2025-05-27,ramaphosa recalls his bemusement at trump oval office encounter
2025-05-27,ramaphosa s building spree for south africa draws 13 billion
2025-05-27,saudi aramco kicks off its first dollar bond sale this year
2025-05-27,saudi sports fund surj backs pique s seven a side kings league
2025-05-27,slovak premier rejects germany s warning on cutting eu funding
2025-05-27,snb removed chevron from us portfolio on environmental concerns
2025-05-27,snb s schlegel warns against kneejerk rate moves on negative price data
2025-05-27,south africa lawmakers slam starlink plan over back door entry
2025-05-27,southeast asia leaders make a veiled jab at us tariff actions
2025-05-27,southern china braces for heavy rain as wheat belt drought eases
2025-05-27,stock market today dow s p live updates
2025-05-27,stronger growth seen for africa as it weathers tariff shock
2025-05-27,swiss exports to us plummet in first month of trump tariffs
2025-05-27,swiss watch exports jump in april ahead of threatened us tariffs
2025-05-27,thailand clears plan to exit us intellectual property watchlist
2025-05-27,thailand faces fresh risk of instability as coalition challenged by budget vote
2025-05-27,traders brace for japan s 40 year bond sale after yields swoon
2025-05-27,treasuries rally with japan bonds as mof news boosts sentiment
2025-05-27,trump praises eu for speeding tariff negotiations after threat
2025-05-27,turkish fintech firm papara seized in illegal gambling probe
2025-05-27,ueda indicates boj is still eyeing more rate hikes boosting yen
2025-05-27,uk envoy urges trans atlantic tech alliance cites china threat
2025-05-27,uk to cut planning hurdles for small builders in housing push
2025-05-27,uruguay holds key rate at 9 25 reinforces tight policy stance
2025-05-27,us consumer confidence jumps most in four years on trade truce
2025-05-27,us core capital goods orders decrease by most since october
2025-05-27,us home price increases slowed in march as buyers pulled back
2025-05-27,us orders pause in student visa interviews ahead of new vetting
2025-05-27,us s cerberus eyes offer for port of darwin the australian says
2025-05-27,us solar makers see tariff loophole for asian competitors
2025-05-27,why uk inflation is so high and tough to bring down
2025-05-27,why us dollar is facing a confidence crisis in asia podcast
2025-05-28,abercrombie surges on raised outlook after tallying tariff cost
2025-05-28,about 73 of americans do at least ok financially in fed survey
2025-05-28,adani ports plans record 50 billion rupee bond sale for capex
2025-05-28,afdb sees cedi naria among african currencies slipping in 2025
2025-05-28,argentina sells peso bonds abroad for first time since macri era
2025-05-28,australia looks to avoid a panama repeat in china port showdown
2025-05-28,australia s center right opposition regroups about one week after split
2025-05-28,australia s monthly cpi higher than estimates aussie edges up
2025-05-28,banxico cuts 2025 growth forecast to 0 1 and to 0 9 for 2026
2025-05-28,boj s bond holding paper losses hit record after rate hikes
2025-05-28,bond traders see treasuries selloff going even further
2025-05-28,brazil s azul files for chapter 11 bankruptcy protection in us
2025-05-28,brazil sues ev giant byd over slavery conditions at plant
2025-05-28,carney s defense spending will add up to 46 billion to economy cibc says
2025-05-28,central bankers bow to political winds when it comes to climate study shows
2025-05-28,chile lifts copper call as supply disappoints trade fears ease
2025-05-28,china deflation worry deepens among economists after trade truce
2025-05-28,china s answer to world bank plans to open singapore hk offices
2025-05-28,china s citic mag group to work on 6 billion project in dubai
2025-05-28,china s top commodities bourse plans full access for foreigners
2025-05-28,china seeks to slow yuan s gains after months of propping it up
2025-05-28,china tech ambitions won t hurt consumption pivot keyu jin says
2025-05-28,chinese stock market in limbo as investors lack conviction
2025-05-28,crypto gets candidate backing in tight polish presidential race
2025-05-28,dalio won t join indonesia fund as adviser in blow to prabowo
2025-05-28,ecb s knot says inflation may cause considerable challenges
2025-05-28,ecb says consumers inflation expectations rise for second month
2025-05-28,eu cautions spain against hindering bbva s bid for sabadell
2025-05-28,eu trade chief to speak to us s lutnick greer on thursday
2025-05-28,european stocks steady as investors focus on us fiscal deficit
2025-05-28,farage keeps finances vague in uk welfare plan targeting labour
2025-05-28,fed disbands climate groups studying financial stability risks
2025-05-28,fed s williams says pandemic changed inflation perceptions
2025-05-28,fed well positioned to wait for clarity on outlook minutes say
2025-05-28,fintech mercado pago will apply for argentina banking license
2025-05-28,french consumer spending rises less than expected in april
2025-05-28,germany prepares to abolish its fast track path to citizenship
2025-05-28,gold edges higher after loss with us data trade talks in focus
2025-05-28,hong kong saudi bourses seek deeper ties to spur trading volume
2025-05-28,how harvard is getting rocked by trump s america first fight
2025-05-28,india bans former indusind ceo others in insider trading case
2025-05-28,india bonds are a buy for citi on diverging rates policy with us
2025-05-28,israel says it killed mohammed sinwar head of hamas in gaza
2025-05-28,japan 40 year bond sale demand is weakest since july
2025-05-28,japan expands military push against china with us stand in doubt
2025-05-28,japan pauses stockpile sales as retailers snap up rice
2025-05-28,job applicant interviews conducted by ai offer benefits tech glitches
2025-05-28,lagarde discussed leaving ecb early for wef schwab tellls ft
2025-05-28,malaysia economy minister rafizi to resign effective june 17
2025-05-28,meet the five people vying to lead the african development bank
2025-05-28,merz vows legislative action to quickly boost german economy
2025-05-28,mifepristone why the abortion pill is under scrutiny again in us
2025-05-28,milei gets tuttle twins to teach free markets to argentine kids
2025-05-28,milei intervenes in argentina fx market despite letting peso float
2025-05-28,musk says he s disappointed that trump tax bill raises deficit
2025-05-28,nato floats cybersecurity to be included in new spending target
2025-05-28,new zealand delivers sixth rate cut to spur economic recovery
2025-05-28,nissan going cap in hand to uk for loan may spur japan to act
2025-05-28,nissan plans 7 billion funding with backing from uk government
2025-05-28,one palestinian killed at gaza aid site on tuesday says ap
2025-05-28,opec gathers for quota review before decision on july output
2025-05-28,pessimism swells on doing business in china european firms say
2025-05-28,podcast why tariffs can t fix america s economic malaise
2025-05-28,poland presidential election exposes cracks in booming economy
2025-05-28,polish far right leader fails to endorse any presidential rival
2025-05-28,portugal president to meet parties before naming prime minister
2025-05-28,portugal s far right shatters 50 years of two party dominance
2025-05-28,raghuram rajan warns us risks future by curbing foreign students
2025-05-28,royal enfield maker eicher motors dodged trump tariffs with early india exports
2025-05-28,russia s fuel exports hit 3 month high on diesel fuel oil boost
2025-05-28,russia s oil exports are worth the least in two years on price slide
2025-05-28,saudi stocks set to be world s worst in may after oil price drop
2025-05-28,slovak auto industry warns of higher taxes shift away from eu
2025-05-28,south african union sets deadline for passenger rail pay talks
2025-05-28,south korea set to balance us china ties more if lee wins vote
2025-05-28,stellantis set to name antonio filosa as new ceo le figaro says
2025-05-28,stellantis taps insider ceo to forge a new path in the us
2025-05-28,stock market today dow s p live updates
2025-05-28,taiwan trims 2025 growth forecast as tariff concern lingers
2025-05-28,texas weighs entertainment incentive bill with control over content
2025-05-28,tiger brands plans special dividend lifts payout on profit gain
2025-05-28,trump insists to wall street he s no chicken on tariff policy
2025-05-28,trump s global tariffs blocked by us trade court
2025-05-28,trump s nippon steel bid support boosts japan s trade talk hopes
2025-05-28,ubs s khan sees rich customer demand for alternative assets
2025-05-28,ueda vows to watch risks of ripple effects from long yield surge
2025-05-28,uk plans to force nation s pensions to invest in private markets
2025-05-28,uk s nissan backing shows starmer s push to save industrial jobs
2025-05-28,unicredit raises holding in greece s alpha bank to about 20
2025-05-28,unicredit s russia unit may attract bids from uae based firms
2025-05-28,us refinancing gauge falls to three month low as rates near 7
2025-05-28,us sanctioned tankers seen in russia to india crude oil trade
2025-05-28,us treasuries drift ahead of auction with spotlight on demand
2025-05-28,usd dollar may face major drop in 2026 standard chartered says
2025-05-28,wells fargo confident on its work for asset cap lift ceo says
2025-05-28,why investors are worried about japan s bond market
2025-05-28,wilbur ross says investor confidence risks fading within weeks
2025-05-29,bok cuts rate to cushion economy from tariffs political turmoil
2025-05-29,citi revokes firing of japan trader in wrongful dismissal settlement
2025-05-29,economists cut thai malaysian growth forecasts on trade turmoil
2025-05-29,eric trump says he d love to see some big banks go extinct
2025-05-29,fx hedging cost drop sparks debate on asian bond protection bets
2025-05-29,india market buzz equities may outshine asian peers yet again
2025-05-29,rbnz governor hawkesby says july rate cut is not a done deal
